"","ID","ADM0_NAME","ADM0_CODE","Admin1","ADM1_CODE","ADM2_NAME","ADM2_CODE","year","age_group_id","age_group_name","sex_id","sex","measure_id","measure","mean","lower","upper"
"1","Sierra Leone_Kailahun","Sierra Leone",200,"Eastern",1200,"Kailahun",1001200,2017,28,"Infant",3,"Both",27,"Probability of death",0.074,0.0594188598918631,0.0899674145004951
"2","South Sudan_Bahr al Jabal","South Sudan",206,"Central Equatoria",1206,"Bahr al Jabal",1001206,2017,28,"Infant",3,"Both",27,"Probability of death",0.073,0.0511991715399432,0.100696425191536
"3","Burkina Faso_Comoé","Burkina Faso",22,"Cascades",2022,"Comoé",1002022,2017,28,"Infant",3,"Both",27,"Probability of death",0.075,0.055856737270214,0.099781118494075
"4","South Sudan_Amatonge","South Sudan",206,"Eastern Equatoria",2206,"Amatonge",1002206,2017,28,"Infant",3,"Both",27,"Probability of death",0.073,0.0507188983078251,0.0999101625822901
"5","Central African Republic_Alindao","Central African Republic",39,"Basse-Kotto",3039,"Alindao",1003039,2017,28,"Infant",3,"Both",27,"Probability of death",0.095,0.0611320741160924,0.141444538177213
"6","Mali_Bafoulabé","Mali",146,"Kayes",3146,"Bafoulabé",1003146,2017,28,"Infant",3,"Both",27,"Probability of death",0.075,0.0579914684030496,0.0918093292547792
"7","Sierra Leone_Bo","Sierra Leone",200,"Southern",3200,"Bo",1003200,2017,28,"Infant",3,"Both",27,"Probability of death",0.074,0.0615997248172034,0.0882571705813311
"8","Somalia_Mogadisho","Somalia",203,"Banaadir",3203,"Mogadisho",1003203,2017,28,"Infant",3,"Both",27,"Probability of death",0.077,0.0447902172783091,0.125687245962369
"9","Central African Republic_Djemah","Central African Republic",39,"Haut-Mbomou",4039,"Djemah",1004039,2017,28,"Infant",3,"Both",27,"Probability of death",0.086,0.0583049871230344,0.127753861526322
"10","Côte d'Ivoire_Folon","Côte d'Ivoire",45,"Denguélé",4045,"Folon",1004045,2017,28,"Infant",3,"Both",27,"Probability of death",0.073,0.0557497269444786,0.0937965706041918
"11","Guinea_Kankan","Guinea",85,"Kankan",4085,"Kankan",1004085,2017,28,"Infant",3,"Both",27,"Probability of death",0.073,0.0531902776753719,0.0916433227081735
"12","Sierra Leone_Western Rural","Sierra Leone",200,"Western",4200,"Western Rural",1004200,2017,28,"Infant",3,"Both",27,"Probability of death",0.082,0.06456073012535,0.0976464624336178
"13","South Sudan_Aliab","South Sudan",206,"Lakes",4206,"Aliab",1004206,2017,28,"Infant",3,"Both",27,"Probability of death",0.081,0.0564747648612496,0.115630079733227
"14","Chad_Baguirmi","Chad",217,"Chari-Baguirmi",4217,"Baguirmi",1004217,2017,28,"Infant",3,"Both",27,"Probability of death",0.079,0.0606245337041725,0.103649247144653
"15","Zambia_Chiengi","Zambia",255,"Luapula",4255,"Chiengi",1004255,2017,28,"Infant",3,"Both",27,"Probability of death",0.072,0.0506354485499457,0.101221525471825
"16","Central African Republic_Bria","Central African Republic",39,"Haute-Kotto",5039,"Bria",1005039,2017,28,"Infant",3,"Both",27,"Probability of death",0.081,0.0550994941127428,0.118757977828163
"17","Nigeria_Alkaleri","Nigeria",164,"Bauchi",5164,"Alkaleri",1005164,2017,28,"Infant",3,"Both",27,"Probability of death",0.073,0.0572277752724999,0.0896829020269184
"18","South Sudan_Aryat","South Sudan",206,"North Bahr-al-Ghazal",5206,"Aryat",1005206,2017,28,"Infant",3,"Both",27,"Probability of death",0.103,0.0690209296748425,0.160779055879932
"19","Central African Republic_Dékoa","Central African Republic",39,"Kémo",6039,"Dékoa",1006039,2017,28,"Infant",3,"Both",27,"Probability of death",0.082,0.0541082538144797,0.123368144851247
"20","Chad_Ennedi Ouest","Chad",217,"Ennedi Ouest",6217,"Ennedi Ouest",1006217,2017,28,"Infant",3,"Both",27,"Probability of death",0.076,0.0543716725547884,0.10216263221032
"21","Central African Republic_Boda","Central African Republic",39,"Lobaye",7039,"Boda",1007039,2017,28,"Infant",3,"Both",27,"Probability of death",0.085,0.0568370075670057,0.122523225930432
"22","Mali_Barouéli","Mali",146,"Ségou",7146,"Barouéli",1007146,2017,28,"Infant",3,"Both",27,"Probability of death",0.077,0.0603099908485847,0.0994383097694386
"23","Burkina Faso_Gnagna","Burkina Faso",22,"Est",8022,"Gnagna",1008022,2017,28,"Infant",3,"Both",27,"Probability of death",0.073,0.0558880910062024,0.0976086871273538
"24","Central African Republic_Berbérati","Central African Republic",39,"Mambéré-Kadéï",8039,"Berbérati",1008039,2017,28,"Infant",3,"Both",27,"Probability of death",0.086,0.061291570058376,0.123571944057471
"25","Mali_Bougouni","Mali",146,"Sikasso",8146,"Bougouni",1008146,2017,28,"Infant",3,"Both",27,"Probability of death",0.076,0.0599231550520124,0.093895117018271
"26","South Sudan_Gogrial","South Sudan",206,"Warap",8206,"Gogrial",1008206,2017,28,"Infant",3,"Both",27,"Probability of death",0.102,0.067055834696005,0.150208937507885
"27","Central African Republic_Bakouma","Central African Republic",39,"Mbomou",9039,"Bakouma",1009039,2017,28,"Infant",3,"Both",27,"Probability of death",0.09,0.0549456838744562,0.12811017404036
"28","Mali_Diré","Mali",146,"Timbuktu",9146,"Diré",1009146,2017,28,"Infant",3,"Both",27,"Probability of death",0.077,0.0573222995181639,0.102667314872021
"29","South Sudan_Raja","South Sudan",206,"West Bahr-al-Ghazal",9206,"Raja",1009206,2017,28,"Infant",3,"Both",27,"Probability of death",0.099,0.0615200357400167,0.150299806409477
"30","Côte d'Ivoire_Bagoué","Côte d'Ivoire",45,"Savanes",10045,"Bagoué",1010045,2017,28,"Infant",3,"Both",27,"Probability of death",0.075,0.0578929824097044,0.0948200323262149
"31","South Sudan_Meridi","South Sudan",206,"West Equatoria",10206,"Meridi",1010206,2017,28,"Infant",3,"Both",27,"Probability of death",0.075,0.0512150606317699,0.105524079536807
"32","Central African Republic_Baboua","Central African Republic",39,"Nana-Mambéré",11039,"Baboua",1011039,2017,28,"Infant",3,"Both",27,"Probability of death",0.092,0.0639849850775399,0.127408764462729
"33","Chad_Dodjé","Chad",217,"Logone Occidental",11217,"Dodjé",1011217,2017,28,"Infant",3,"Both",27,"Probability of death",0.089,0.064659826620445,0.118611711737788
"34","Burkina Faso_Oudalan","Burkina Faso",22,"Sahel",12022,"Oudalan",1012022,2017,28,"Infant",3,"Both",27,"Probability of death",0.082,0.0579257995588382,0.106418779804395
"35","Central African Republic_Bimbo","Central African Republic",39,"Ombella-M'Poko",12039,"Bimbo",1012039,2017,28,"Infant",3,"Both",27,"Probability of death",0.072,0.0478500641569672,0.101734604019437
"36","Chad_Lanya","Chad",217,"Logone Oriental",12217,"Lanya",1012217,2017,28,"Infant",3,"Both",27,"Probability of death",0.08,0.06011647378042,0.105274545153463
"37","Central African Republic_Bakala","Central African Republic",39,"Ouaka",13039,"Bakala",1013039,2017,28,"Infant",3,"Both",27,"Probability of death",0.081,0.0538689930711782,0.12465913542882
"38","Central African Republic_Bocaranga","Central African Republic",39,"Ouham-Pendé",14039,"Bocaranga",1014039,2017,28,"Infant",3,"Both",27,"Probability of death",0.089,0.0612042153728832,0.125202473287685
"39","Chad_Kabbia","Chad",217,"Mayo-Kebbi Est",14217,"Kabbia",1014217,2017,28,"Infant",3,"Both",27,"Probability of death",0.074,0.0564657721868509,0.0960091028958524
"40","Central African Republic_Batangafo","Central African Republic",39,"Ouham",15039,"Batangafo",1015039,2017,28,"Infant",3,"Both",27,"Probability of death",0.071,0.0478150512958894,0.100906189901143
"41","Somalia_Afgooye","Somalia",203,"Shabeellaha Hoose",15203,"Afgooye",1015203,2017,28,"Infant",3,"Both",27,"Probability of death",0.077,0.0463268179304051,0.127973150110827
"42","Central African Republic_Bambio","Central African Republic",39,"Sangha-Mbaéré",16039,"Bambio",1016039,2017,28,"Infant",3,"Both",27,"Probability of death",0.087,0.0616092223099398,0.122607887866829
"43","Somalia_Caynabo","Somalia",203,"Sool",16203,"Caynabo",1016203,2017,28,"Infant",3,"Both",27,"Probability of death",0.079,0.0498233120178124,0.127572331742722
"44","Somalia_Burao","Somalia",203,"Togdheer",17203,"Burao",1017203,2017,28,"Infant",3,"Both",27,"Probability of death",0.075,0.0497379361434173,0.111971336262125
"45","Nigeria_Auyo","Nigeria",164,"Jigawa",18164,"Auyo",1018164,2017,28,"Infant",3,"Both",27,"Probability of death",0.079,0.0626330595899324,0.097990976021126
"46","Somalia_Berbera","Somalia",203,"Woqooyi Galbeed",18203,"Berbera",1018203,2017,28,"Infant",3,"Both",27,"Probability of death",0.081,0.0516775899387866,0.117492234117439
"47","Nigeria_Birnin-G","Nigeria",164,"Kaduna",19164,"Birnin-G",1019164,2017,28,"Infant",3,"Both",27,"Probability of death",0.073,0.058043915073089,0.0911413475710666
"48","Democratic Republic of the Congo_Bosobolo","Democratic Republic of the Congo",47,"Nord-Ubangi",20047,"Bosobolo",1020047,2017,28,"Infant",3,"Both",27,"Probability of death",0.072,0.0512132206661528,0.0999312046128138
"49","Nigeria_Ajingi","Nigeria",164,"Kano",20164,"Ajingi",1020164,2017,28,"Infant",3,"Both",27,"Probability of death",0.1,0.0814324062495812,0.12093355236687
"50","Chad_Béré","Chad",217,"Tandjilé",20217,"Béré",1020217,2017,28,"Infant",3,"Both",27,"Probability of death",0.076,0.0587703462979195,0.097809810467405
"51","Nigeria_Bakori","Nigeria",164,"Katsina",21164,"Bakori",1021164,2017,28,"Infant",3,"Both",27,"Probability of death",0.086,0.0693917023205666,0.105173485997572
"52","Nigeria_Aleiro","Nigeria",164,"Kebbi",22164,"Aleiro",1022164,2017,28,"Infant",3,"Both",27,"Probability of death",0.071,0.0563109584150032,0.084407444398835
"53","Chad_N'Djamena","Chad",217,"Ville de N'Djamena",22217,"N'Djamena",1022217,2017,28,"Infant",3,"Both",27,"Probability of death",0.071,0.0546308105861397,0.0926229557421586
"54","Nigeria_Akwanga","Nigeria",164,"Nassarawa",26164,"Akwanga",1026164,2017,28,"Infant",3,"Both",27,"Probability of death",0.074,0.0591693720080117,0.0930021652084783
"55","Nigeria_Agaie","Nigeria",164,"Niger",27164,"Agaie",1027164,2017,28,"Infant",3,"Both",27,"Probability of death",0.073,0.0587376716718182,0.0924866293714671
"56","Nigeria_Binji","Nigeria",164,"Sokoto",34164,"Binji",1034164,2017,28,"Infant",3,"Both",27,"Probability of death",0.075,0.0584801905786681,0.0923314718764585
"57","Nigeria_Anka","Nigeria",164,"Zamfara",37164,"Anka",1037164,2017,28,"Infant",3,"Both",27,"Probability of death",0.104,0.0833600571958453,0.126334594730573
"58","Central African Republic_Ndélé","Central African Republic",39,"Bamingui-Bangoran",1039,"Ndélé",2001039,2017,28,"Infant",3,"Both",27,"Probability of death",0.071,0.0471648786909272,0.0998219783428764
"59","Sierra Leone_Kenema","Sierra Leone",200,"Eastern",1200,"Kenema",2001200,2017,28,"Infant",3,"Both",27,"Probability of death",0.079,0.0647565141251315,0.0964462086577425
"60","Angola_Balombo","Angola",3,"Benguela",2003,"Balombo",2002003,2017,28,"Infant",3,"Both",27,"Probability of death",0.075,0.057322422592668,0.0951272496094207
"61","Burkina Faso_Léraba","Burkina Faso",22,"Cascades",2022,"Léraba",2002022,2017,28,"Infant",3,"Both",27,"Probability of death",0.083,0.0599834081819559,0.114201243184977
"62","Central African Republic_Kembé","Central African Republic",39,"Basse-Kotto",3039,"Kembé",2003039,2017,28,"Infant",3,"Both",27,"Probability of death",0.086,0.0590449636628379,0.125022896464001
"63","Mali_Diéma","Mali",146,"Kayes",3146,"Diéma",2003146,2017,28,"Infant",3,"Both",27,"Probability of death",0.076,0.058186261855149,0.0959118308997225
"64","Central African Republic_Obo","Central African Republic",39,"Haut-Mbomou",4039,"Obo",2004039,2017,28,"Infant",3,"Both",27,"Probability of death",0.094,0.060274959608167,0.131142387112917
"65","Côte d'Ivoire_Kabadougou","Côte d'Ivoire",45,"Denguélé",4045,"Kabadougou",2004045,2017,28,"Infant",3,"Both",27,"Probability of death",0.071,0.0556403640168997,0.0927391428216864
"66","Guinea_Kérouané","Guinea",85,"Kankan",4085,"Kérouané",2004085,2017,28,"Infant",3,"Both",27,"Probability of death",0.072,0.0535637365220691,0.0891725704045018
"67","Sierra Leone_Western Urban","Sierra Leone",200,"Western",4200,"Western Urban",2004200,2017,28,"Infant",3,"Both",27,"Probability of death",0.076,0.0607304446045305,0.0907616500573577
"68","South Sudan_Rumbek","South Sudan",206,"Lakes",4206,"Rumbek",2004206,2017,28,"Infant",3,"Both",27,"Probability of death",0.071,0.0458820402382654,0.100768886811168
"69","Chad_Loug Chari","Chad",217,"Chari-Baguirmi",4217,"Loug Chari",2004217,2017,28,"Infant",3,"Both",27,"Probability of death",0.08,0.0593532556592657,0.106532333560533
"70","Central African Republic_Ouadda","Central African Republic",39,"Haute-Kotto",5039,"Ouadda",2005039,2017,28,"Infant",3,"Both",27,"Probability of death",0.08,0.0533009266456298,0.113812501758005
"71","Mali_Dioïla","Mali",146,"Koulikoro",5146,"Dioïla",2005146,2017,28,"Infant",3,"Both",27,"Probability of death",0.074,0.0584618099963399,0.0941483533227077
"72","South Sudan_Aweil","South Sudan",206,"North Bahr-al-Ghazal",5206,"Aweil",2005206,2017,28,"Infant",3,"Both",27,"Probability of death",0.115,0.0734187728700204,0.174479008307829
"73","Central African Republic_Sibut","Central African Republic",39,"Kémo",6039,"Sibut",2006039,2017,28,"Infant",3,"Both",27,"Probability of death",0.084,0.0561760761877133,0.124405794464842
"74","Angola_Cassongue","Angola",3,"Cuanza Sul",7003,"Cassongue",2007003,2017,28,"Infant",3,"Both",27,"Probability of death",0.076,0.0587851768888331,0.0992315033246985
"75","Central African Republic_M'Baïki","Central African Republic",39,"Lobaye",7039,"M'Baïki",2007039,2017,28,"Infant",3,"Both",27,"Probability of death",0.079,0.0548445214401385,0.109925820415763
"76","Mali_Bla","Mali",146,"Ségou",7146,"Bla",2007146,2017,28,"Infant",3,"Both",27,"Probability of death",0.085,0.0667676318401427,0.106927863100853
"77","Chad_Bitkine","Chad",217,"Guéra",7217,"Bitkine",2007217,2017,28,"Infant",3,"Both",27,"Probability of death",0.072,0.0523482953491039,0.0964504047440123
"78","Central African Republic_Carnot","Central African Republic",39,"Mambéré-Kadéï",8039,"Carnot",2008039,2017,28,"Infant",3,"Both",27,"Probability of death",0.087,0.0603806798556739,0.121313839301078
"79","Guinea_Guéckédou","Guinea",85,"Nzérékoré",8085,"Guéckédou",2008085,2017,28,"Infant",3,"Both",27,"Probability of death",0.072,0.0571913318884568,0.0908345509998007
"80","Mali_Kadiolo","Mali",146,"Sikasso",8146,"Kadiolo",2008146,2017,28,"Infant",3,"Both",27,"Probability of death",0.081,0.0611611563602493,0.108393854145756
"81","South Sudan_Malek","South Sudan",206,"Warap",8206,"Malek",2008206,2017,28,"Infant",3,"Both",27,"Probability of death",0.122,0.0798998782565032,0.184415123208468
"82","Burkina Faso_Kénédougou","Burkina Faso",22,"Haut-Bassins",9022,"Kénédougou",2009022,2017,28,"Infant",3,"Both",27,"Probability of death",0.073,0.0545046752401484,0.0985893912991702
"83","Central African Republic_Bangassou","Central African Republic",39,"Mbomou",9039,"Bangassou",2009039,2017,28,"Infant",3,"Both",27,"Probability of death",0.084,0.0516448702959164,0.12055479681238
"84","Mali_Goundam","Mali",146,"Timbuktu",9146,"Goundam",2009146,2017,28,"Infant",3,"Both",27,"Probability of death",0.08,0.058636354116689,0.105928819793077
"85","Somalia_Jilib","Somalia",203,"Jubbada Dhexe",9203,"Jilib",2009203,2017,28,"Infant",3,"Both",27,"Probability of death",0.074,0.0429800449556116,0.119904328103381
"86","South Sudan_Wau","South Sudan",206,"West Bahr-al-Ghazal",9206,"Wau",2009206,2017,28,"Infant",3,"Both",27,"Probability of death",0.094,0.0606708214255099,0.136695730316628
"87","Central African Republic_Mbrès","Central African Republic",39,"Nana-Grébizi",10039,"Mbrès",2010039,2017,28,"Infant",3,"Both",27,"Probability of death",0.077,0.0510559728957957,0.117947125639154
"88","Côte d'Ivoire_Poro","Côte d'Ivoire",45,"Savanes",10045,"Poro",2010045,2017,28,"Infant",3,"Both",27,"Probability of death",0.081,0.0606574033155583,0.104413070294106
"89","Somalia_Badhaadhe","Somalia",203,"Jubbada Hoose",10203,"Badhaadhe",2010203,2017,28,"Infant",3,"Both",27,"Probability of death",0.073,0.0460594255776667,0.110493047902023
"90","South Sudan_Mundri","South Sudan",206,"West Equatoria",10206,"Mundri",2010206,2017,28,"Infant",3,"Both",27,"Probability of death",0.074,0.0503646986875981,0.105527998518909
"91","Central African Republic_Baoro","Central African Republic",39,"Nana-Mambéré",11039,"Baoro",2011039,2017,28,"Infant",3,"Both",27,"Probability of death",0.091,0.0607677127207713,0.125211234165001
"92","Chad_Lac Wey","Chad",217,"Logone Occidental",11217,"Lac Wey",2011217,2017,28,"Infant",3,"Both",27,"Probability of death",0.084,0.0630167863897985,0.109026219982727
"93","Burkina Faso_Séno","Burkina Faso",22,"Sahel",12022,"Séno",2012022,2017,28,"Infant",3,"Both",27,"Probability of death",0.092,0.0662967272505863,0.122177938023343
"94","Central African Republic_Boali","Central African Republic",39,"Ombella-M'Poko",12039,"Boali",2012039,2017,28,"Infant",3,"Both",27,"Probability of death",0.082,0.0563955870675883,0.115340539365538
"95","Côte d'Ivoire_Béré","Côte d'Ivoire",45,"Woroba",12045,"Béré",2012045,2017,28,"Infant",3,"Both",27,"Probability of death",0.072,0.0538400992287587,0.0950241574924512
"96","Chad_Monts de Lam","Chad",217,"Logone Oriental",12217,"Monts de Lam",2012217,2017,28,"Infant",3,"Both",27,"Probability of death",0.091,0.0683015874170663,0.12137776138047
"97","Central African Republic_Bambari","Central African Republic",39,"Ouaka",13039,"Bambari",2013039,2017,28,"Infant",3,"Both",27,"Probability of death",0.088,0.0588962631466591,0.135907797375401
"98","Central African Republic_Bozoum","Central African Republic",39,"Ouham-Pendé",14039,"Bozoum",2014039,2017,28,"Infant",3,"Both",27,"Probability of death",0.088,0.0596150484127203,0.117962179238697
"99","Somalia_Balcad","Somalia",203,"Shabeellaha Dhexe",14203,"Balcad",2014203,2017,28,"Infant",3,"Both",27,"Probability of death",0.074,0.0460896719647786,0.119344270410693
"100","Chad_Mayo-Boneye","Chad",217,"Mayo-Kebbi Est",14217,"Mayo-Boneye",2014217,2017,28,"Infant",3,"Both",27,"Probability of death",0.072,0.0547432849835008,0.0930061008360588
"101","Central African Republic_Bossangoa","Central African Republic",39,"Ouham",15039,"Bossangoa",2015039,2017,28,"Infant",3,"Both",27,"Probability of death",0.082,0.0505085801171108,0.117740620620061
"102","Somalia_Baraawe","Somalia",203,"Shabeellaha Hoose",15203,"Baraawe",2015203,2017,28,"Infant",3,"Both",27,"Probability of death",0.083,0.0511616761989602,0.129983486169034
"103","Chad_Mayo-Dallah","Chad",217,"Mayo-Kebbi Ouest",15217,"Mayo-Dallah",2015217,2017,28,"Infant",3,"Both",27,"Probability of death",0.074,0.0546234164722397,0.098523279684171
"104","Central African Republic_Nola","Central African Republic",39,"Sangha-Mbaéré",16039,"Nola",2016039,2017,28,"Infant",3,"Both",27,"Probability of death",0.092,0.0646709315028264,0.126151651206106
"105","Somalia_Lascaanod","Somalia",203,"Sool",16203,"Lascaanod",2016203,2017,28,"Infant",3,"Both",27,"Probability of death",0.072,0.0432728184734098,0.11623880128844
"106","Central African Republic_Ouanda Djallé","Central African Republic",39,"Vakaga",17039,"Ouanda Djallé",2017039,2017,28,"Infant",3,"Both",27,"Probability of death",0.073,0.0479200233184634,0.106700086973197
"107","Somalia_Buuhoodle","Somalia",203,"Togdheer",17203,"Buuhoodle",2017203,2017,28,"Infant",3,"Both",27,"Probability of death",0.072,0.0468218290956236,0.109903490750466
"108","Nigeria_Babura","Nigeria",164,"Jigawa",18164,"Babura",2018164,2017,28,"Infant",3,"Both",27,"Probability of death",0.091,0.0722400632717911,0.11204746617943
"109","Nigeria_Albasu","Nigeria",164,"Kano",20164,"Albasu",2020164,2017,28,"Infant",3,"Both",27,"Probability of death",0.098,0.0810723052751267,0.11715118596354
"110","Chad_Tandjilé Est","Chad",217,"Tandjilé",20217,"Tandjilé Est",2020217,2017,28,"Infant",3,"Both",27,"Probability of death",0.074,0.0564861488800579,0.0961446068056911
"111","Nigeria_Arewa","Nigeria",164,"Kebbi",22164,"Arewa",2022164,2017,28,"Infant",3,"Both",27,"Probability of death",0.074,0.0592088302537365,0.0893080522052467
"112","Nigeria_Awe","Nigeria",164,"Nassarawa",26164,"Awe",2026164,2017,28,"Infant",3,"Both",27,"Probability of death",0.074,0.0579341794375483,0.0910698160480535
"113","Nigeria_Agwara","Nigeria",164,"Niger",27164,"Agwara",2027164,2017,28,"Infant",3,"Both",27,"Probability of death",0.081,0.0633680756607955,0.100677396593806
"114","Nigeria_Bodinga","Nigeria",164,"Sokoto",34164,"Bodinga",2034164,2017,28,"Infant",3,"Both",27,"Probability of death",0.077,0.061673928414577,0.0953743501274862
"115","Nigeria_Bakura","Nigeria",164,"Zamfara",37164,"Bakura",2037164,2017,28,"Infant",3,"Both",27,"Probability of death",0.085,0.0680497230899223,0.103305025927555
"116","Democratic Republic of the Congo_Ango","Democratic Republic of the Congo",47,"Bas-Uélé",1047,"Ango",3001047,2017,28,"Infant",3,"Both",27,"Probability of death",0.071,0.0449987720313271,0.103459862825526
"117","Sierra Leone_Kono","Sierra Leone",200,"Eastern",1200,"Kono",3001200,2017,28,"Infant",3,"Both",27,"Probability of death",0.076,0.0611929494622039,0.0912075265162466
"118","Central African Republic_Mingala","Central African Republic",39,"Basse-Kotto",3039,"Mingala",3003039,2017,28,"Infant",3,"Both",27,"Probability of death",0.095,0.0619121199921614,0.141765407792041
"119","Guinea_Faranah","Guinea",85,"Faranah",3085,"Faranah",3003085,2017,28,"Infant",3,"Both",27,"Probability of death",0.074,0.0579514497864595,0.0912594837089716
"120","Sierra Leone_Moyamba","Sierra Leone",200,"Southern",3200,"Moyamba",3003200,2017,28,"Infant",3,"Both",27,"Probability of death",0.074,0.0610415551702264,0.0887022853395727
"121","South Sudan_Bor","South Sudan",206,"Jungoli",3206,"Bor",3003206,2017,28,"Infant",3,"Both",27,"Probability of death",0.075,0.0511467983879489,0.105217150496992
"122","Central African Republic_Zémio","Central African Republic",39,"Haut-Mbomou",4039,"Zémio",3004039,2017,28,"Infant",3,"Both",27,"Probability of death",0.08,0.0488996756264812,0.117621347939067
"123","Guinea_Kouroussa","Guinea",85,"Kankan",4085,"Kouroussa",3004085,2017,28,"Infant",3,"Both",27,"Probability of death",0.075,0.0578809576472765,0.0930582428151114
"124","Somalia_Calawla","Somalia",203,"Bari",4203,"Calawla",3004203,2017,28,"Infant",3,"Both",27,"Probability of death",0.073,0.0351356336499441,0.140667615407268
"125","South Sudan_Shobet","South Sudan",206,"Lakes",4206,"Shobet",3004206,2017,28,"Infant",3,"Both",27,"Probability of death",0.081,0.0519466024320738,0.114980753938478
"126","Chad_N'Djamena","Chad",217,"Chari-Baguirmi",4217,"N'Djamena",3004217,2017,28,"Infant",3,"Both",27,"Probability of death",0.081,0.0618515401909767,0.104357018958271
"127","Central African Republic_Yalinga","Central African Republic",39,"Haute-Kotto",5039,"Yalinga",3005039,2017,28,"Infant",3,"Both",27,"Probability of death",0.079,0.0510288261950666,0.116765551658674
"128","Nigeria_Bogoro","Nigeria",164,"Bauchi",5164,"Bogoro",3005164,2017,28,"Infant",3,"Both",27,"Probability of death",0.08,0.0628040970403859,0.100848537445699
"129","South Sudan_Nahr Lol","South Sudan",206,"North Bahr-al-Ghazal",5206,"Nahr Lol",3005206,2017,28,"Infant",3,"Both",27,"Probability of death",0.083,0.0523473263407653,0.124012347888793
"130","Angola_Conda","Angola",3,"Cuanza Sul",7003,"Conda",3007003,2017,28,"Infant",3,"Both",27,"Probability of death",0.077,0.0609122991559896,0.0990417007433594
"131","Central African Republic_Mongoumba","Central African Republic",39,"Lobaye",7039,"Mongoumba",3007039,2017,28,"Infant",3,"Both",27,"Probability of death",0.077,0.0532739307534993,0.107934729765302
"132","Mali_Macina","Mali",146,"Ségou",7146,"Macina",3007146,2017,28,"Infant",3,"Both",27,"Probability of death",0.08,0.0626791889852348,0.100946928014796
"133","Chad_Guéra","Chad",217,"Guéra",7217,"Guéra",3007217,2017,28,"Infant",3,"Both",27,"Probability of death",0.084,0.0628032927607002,0.108482125832767
"134","Burkina Faso_Komandjoari","Burkina Faso",22,"Est",8022,"Komandjoari",3008022,2017,28,"Infant",3,"Both",27,"Probability of death",0.075,0.0555233477458467,0.0997472543704606
"135","Central African Republic_Gamboula","Central African Republic",39,"Mambéré-Kadéï",8039,"Gamboula",3008039,2017,28,"Infant",3,"Both",27,"Probability of death",0.091,0.0646731175783224,0.12620974928818
"136","Mali_Kolondiéba","Mali",146,"Sikasso",8146,"Kolondiéba",3008146,2017,28,"Infant",3,"Both",27,"Probability of death",0.083,0.0643561434893907,0.105263288030728
"137","South Sudan_Tonj","South Sudan",206,"Warap",8206,"Tonj",3008206,2017,28,"Infant",3,"Both",27,"Probability of death",0.085,0.0556431001998889,0.11817590423853
"138","Chad_Haraze Al Biar","Chad",217,"Hadjer-Lamis",8217,"Haraze Al Biar",3008217,2017,28,"Infant",3,"Both",27,"Probability of death",0.078,0.0595304564126456,0.0996123070306444
"139","Central African Republic_Gambo-Ouango","Central African Republic",39,"Mbomou",9039,"Gambo-Ouango",3009039,2017,28,"Infant",3,"Both",27,"Probability of death",0.083,0.0545292603051678,0.123508733554367
"140","Mali_Gourma-Rharous","Mali",146,"Timbuktu",9146,"Gourma-Rharous",3009146,2017,28,"Infant",3,"Both",27,"Probability of death",0.074,0.0549757715128796,0.0940181185148337
"141","Somalia_Jamaame","Somalia",203,"Jubbada Hoose",10203,"Jamaame",3010203,2017,28,"Infant",3,"Both",27,"Probability of death",0.073,0.0407168021089286,0.114361740224851
"142","South Sudan_Tombura","South Sudan",206,"West Equatoria",10206,"Tombura",3010206,2017,28,"Infant",3,"Both",27,"Probability of death",0.09,0.0580648846590568,0.132317487223806
"143","Central African Republic_Bouar","Central African Republic",39,"Nana-Mambéré",11039,"Bouar",3011039,2017,28,"Infant",3,"Both",27,"Probability of death",0.088,0.0606906907524917,0.120993410863262
"144","Somalia_Hobyo","Somalia",203,"Mudug",11203,"Hobyo",3011203,2017,28,"Infant",3,"Both",27,"Probability of death",0.073,0.0418202069128141,0.114962769184687
"145","Chad_Ngourkosso","Chad",217,"Logone Occidental",11217,"Ngourkosso",3011217,2017,28,"Infant",3,"Both",27,"Probability of death",0.078,0.0591673707128133,0.0985736364097421
"146","Central African Republic_Damara","Central African Republic",39,"Ombella-M'Poko",12039,"Damara",3012039,2017,28,"Infant",3,"Both",27,"Probability of death",0.083,0.0560357495270797,0.11720116400736
"147","Côte d'Ivoire_Worodougou","Côte d'Ivoire",45,"Woroba",12045,"Worodougou",3012045,2017,28,"Infant",3,"Both",27,"Probability of death",0.072,0.0554569859950487,0.0952803459397039
"148","Chad_Nya Pendé","Chad",217,"Logone Oriental",12217,"Nya Pendé",3012217,2017,28,"Infant",3,"Both",27,"Probability of death",0.082,0.0612526229630582,0.107496386212049
"149","Burkina Faso_Noumbiel","Burkina Faso",22,"Sud-Ouest",13022,"Noumbiel",3013022,2017,28,"Infant",3,"Both",27,"Probability of death",0.082,0.0617594203464097,0.107257757323233
"150","Central African Republic_Grimari","Central African Republic",39,"Ouaka",13039,"Grimari",3013039,2017,28,"Infant",3,"Both",27,"Probability of death",0.086,0.0590469279502508,0.12594665738464
"151","Central African Republic_Paoua","Central African Republic",39,"Ouham-Pendé",14039,"Paoua",3014039,2017,28,"Infant",3,"Both",27,"Probability of death",0.086,0.0584873696223024,0.117870844097365
"152","Somalia_Cadale","Somalia",203,"Shabeellaha Dhexe",14203,"Cadale",3014203,2017,28,"Infant",3,"Both",27,"Probability of death",0.073,0.0441550834310133,0.111593571474196
"153","Central African Republic_Bouca","Central African Republic",39,"Ouham",15039,"Bouca",3015039,2017,28,"Infant",3,"Both",27,"Probability of death",0.081,0.0540634781568003,0.1170129471776
"154","Somalia_Kuntuwaaray","Somalia",203,"Shabeellaha Hoose",15203,"Kuntuwaaray",3015203,2017,28,"Infant",3,"Both",27,"Probability of death",0.082,0.0522251226083173,0.129106442113292
"155","Somalia_Oodweyne","Somalia",203,"Togdheer",17203,"Oodweyne",3017203,2017,28,"Infant",3,"Both",27,"Probability of death",0.071,0.0453237929141158,0.103557189307224
"156","Nigeria_Giwa","Nigeria",164,"Kaduna",19164,"Giwa",3019164,2017,28,"Infant",3,"Both",27,"Probability of death",0.073,0.0564171340884801,0.0916331109269809
"157","Nigeria_Bagwai","Nigeria",164,"Kano",20164,"Bagwai",3020164,2017,28,"Infant",3,"Both",27,"Probability of death",0.093,0.074468496797742,0.115668044729465
"158","Chad_Tandjilé Ouest","Chad",217,"Tandjilé",20217,"Tandjilé Ouest",3020217,2017,28,"Infant",3,"Both",27,"Probability of death",0.077,0.0599092569633541,0.0996445066966228
"159","Nigeria_Batsari","Nigeria",164,"Katsina",21164,"Batsari",3021164,2017,28,"Infant",3,"Both",27,"Probability of death",0.079,0.0613816835836123,0.0980896878131372
"160","Nigeria_Argungu","Nigeria",164,"Kebbi",22164,"Argungu",3022164,2017,28,"Infant",3,"Both",27,"Probability of death",0.071,0.0563183863880144,0.0868029441423924
"161","Nigeria_Doma","Nigeria",164,"Nassarawa",26164,"Doma",3026164,2017,28,"Infant",3,"Both",27,"Probability of death",0.073,0.0571268601048331,0.0904568886858994
"162","Nigeria_Dange-Shuni","Nigeria",164,"Sokoto",34164,"Dange-Shuni",3034164,2017,28,"Infant",3,"Both",27,"Probability of death",0.082,0.0647156295101082,0.102239315257475
"163","Nigeria_Birnin-Magaji/Kiyaw","Nigeria",164,"Zamfara",37164,"Birnin-Magaji/Kiyaw",3037164,2017,28,"Infant",3,"Both",27,"Probability of death",0.095,0.0765500880574588,0.119812462641335
"164","South Sudan_Terkaka","South Sudan",206,"Central Equatoria",1206,"Terkaka",4001206,2017,28,"Infant",3,"Both",27,"Probability of death",0.083,0.0582552441024898,0.1175898732797
"165","Angola_Bocoio","Angola",3,"Benguela",2003,"Bocoio",4002003,2017,28,"Infant",3,"Both",27,"Probability of death",0.087,0.0654282247052372,0.110937637241371
"166","Sierra Leone_Port Loko","Sierra Leone",200,"Northern",2200,"Port Loko",4002200,2017,28,"Infant",3,"Both",27,"Probability of death",0.074,0.0616209246362272,0.0869307091740925
"167","Central African Republic_Mobaye","Central African Republic",39,"Basse-Kotto",3039,"Mobaye",4003039,2017,28,"Infant",3,"Both",27,"Probability of death",0.09,0.0613188936369605,0.132259377692162
"168","Guinea_Kissidougou","Guinea",85,"Faranah",3085,"Kissidougou",4003085,2017,28,"Infant",3,"Both",27,"Probability of death",0.072,0.0555665564727048,0.090281892514753
"169","Mali_Kéniéba","Mali",146,"Kayes",3146,"Kéniéba",4003146,2017,28,"Infant",3,"Both",27,"Probability of death",0.081,0.0634514682227896,0.102029969706601
"170","Sierra Leone_Pujehun","Sierra Leone",200,"Southern",3200,"Pujehun",4003200,2017,28,"Infant",3,"Both",27,"Probability of death",0.082,0.0663104760729092,0.100734360359954
"171","Guinea_Mandiana","Guinea",85,"Kankan",4085,"Mandiana",4004085,2017,28,"Infant",3,"Both",27,"Probability of death",0.071,0.0518626834203604,0.0897568032680891
"172","Liberia_Porkpa","Liberia",127,"Grand Cape Mount",4127,"Porkpa",4004127,2017,28,"Infant",3,"Both",27,"Probability of death",0.071,0.0575292358432982,0.0871258793817121
"173","South Sudan_Wanjuk","South Sudan",206,"North Bahr-al-Ghazal",5206,"Wanjuk",4005206,2017,28,"Infant",3,"Both",27,"Probability of death",0.103,0.0673931983438582,0.159334765506436
"174","Angola_Ebo","Angola",3,"Cuanza Sul",7003,"Ebo",4007003,2017,28,"Infant",3,"Both",27,"Probability of death",0.074,0.0576616070602079,0.0960285533332002
"175","Mali_Niono","Mali",146,"Ségou",7146,"Niono",4007146,2017,28,"Infant",3,"Both",27,"Probability of death",0.08,0.0612890727105969,0.100408859213259
"176","Mali_Koutiala","Mali",146,"Sikasso",8146,"Koutiala",4008146,2017,28,"Infant",3,"Both",27,"Probability of death",0.077,0.0585377141230595,0.0987311575447672
"177","South Sudan_Warab","South Sudan",206,"Warap",8206,"Warab",4008206,2017,28,"Infant",3,"Both",27,"Probability of death",0.089,0.0606307474106064,0.125459984055055
"178","Central African Republic_Rafaï","Central African Republic",39,"Mbomou",9039,"Rafaï",4009039,2017,28,"Infant",3,"Both",27,"Probability of death",0.083,0.0490418708247757,0.115768022739353
"179","Mali_Niafunké","Mali",146,"Timbuktu",9146,"Niafunké",4009146,2017,28,"Infant",3,"Both",27,"Probability of death",0.077,0.059472332767629,0.101145867009447
"180","Somalia_Kismaayo","Somalia",203,"Jubbada Hoose",10203,"Kismaayo",4010203,2017,28,"Infant",3,"Both",27,"Probability of death",0.077,0.0488429676855755,0.115953827357635
"181","South Sudan_Yambio","South Sudan",206,"West Equatoria",10206,"Yambio",4010206,2017,28,"Infant",3,"Both",27,"Probability of death",0.081,0.0527396387278319,0.114522355487466
"182","Burkina Faso_Yagha","Burkina Faso",22,"Sahel",12022,"Yagha",4012022,2017,28,"Infant",3,"Both",27,"Probability of death",0.085,0.0635763450247919,0.111143095608645
"183","Central African Republic_Yaloké","Central African Republic",39,"Ombella-M'Poko",12039,"Yaloké",4012039,2017,28,"Infant",3,"Both",27,"Probability of death",0.084,0.0573423985974028,0.117469513472194
"184","Chad_Pendé","Chad",217,"Logone Oriental",12217,"Pendé",4012217,2017,28,"Infant",3,"Both",27,"Probability of death",0.076,0.0563158601062664,0.099664990281728
"185","Burkina Faso_Poni","Burkina Faso",22,"Sud-Ouest",13022,"Poni",4013022,2017,28,"Infant",3,"Both",27,"Probability of death",0.082,0.059603069937853,0.111256692356505
"186","Central African Republic_Ippy","Central African Republic",39,"Ouaka",13039,"Ippy",4013039,2017,28,"Infant",3,"Both",27,"Probability of death",0.083,0.0568027756993855,0.126113780005298
"187","Somalia_Marka","Somalia",203,"Shabeellaha Hoose",15203,"Marka",4015203,2017,28,"Infant",3,"Both",27,"Probability of death",0.084,0.0518603794555815,0.134989715249409
"188","Somalia_Xudun","Somalia",203,"Sool",16203,"Xudun",4016203,2017,28,"Infant",3,"Both",27,"Probability of death",0.071,0.0437180694856701,0.111171128581389
"189","Somalia_Sheekh","Somalia",203,"Togdheer",17203,"Sheekh",4017203,2017,28,"Infant",3,"Both",27,"Probability of death",0.081,0.0511297354396821,0.11984041109006
"190","Nigeria_BirninKu","Nigeria",164,"Jigawa",18164,"BirninKu",4018164,2017,28,"Infant",3,"Both",27,"Probability of death",0.094,0.0748913694193945,0.11395333180527
"191","Nigeria_Bebeji","Nigeria",164,"Kano",20164,"Bebeji",4020164,2017,28,"Infant",3,"Both",27,"Probability of death",0.103,0.082565133317435,0.12753687562836
"192","Democratic Republic of the Congo_Lodja","Democratic Republic of the Congo",47,"Sankuru",21047,"Lodja",4021047,2017,28,"Infant",3,"Both",27,"Probability of death",0.071,0.0474251538301215,0.0991815363493214
"193","Nigeria_Baure","Nigeria",164,"Katsina",21164,"Baure",4021164,2017,28,"Infant",3,"Both",27,"Probability of death",0.085,0.0652420638995203,0.105097035789358
"194","Nigeria_Augie","Nigeria",164,"Kebbi",22164,"Augie",4022164,2017,28,"Infant",3,"Both",27,"Probability of death",0.073,0.0578413743040494,0.0901393337194913
"195","Nigeria_Borgu","Nigeria",164,"Niger",27164,"Borgu",4027164,2017,28,"Infant",3,"Both",27,"Probability of death",0.075,0.0591274022137264,0.0914567902002783
"196","Nigeria_Bukkuyum","Nigeria",164,"Zamfara",37164,"Bukkuyum",4037164,2017,28,"Infant",3,"Both",27,"Probability of death",0.097,0.0787140727181911,0.117751383676265
"197","Sierra Leone_Tonkolili","Sierra Leone",200,"Northern",2200,"Tonkolili",5002200,2017,28,"Infant",3,"Both",27,"Probability of death",0.072,0.0590822005397668,0.0853027771721175
"198","Mali_Kita","Mali",146,"Kayes",3146,"Kita",5003146,2017,28,"Infant",3,"Both",27,"Probability of death",0.073,0.0577037498112444,0.0936175708039027
"199","Liberia_Tewor","Liberia",127,"Grand Cape Mount",4127,"Tewor",5004127,2017,28,"Infant",3,"Both",27,"Probability of death",0.072,0.0566832150496,0.0887302921899697
"200","Somalia_Qandala","Somalia",203,"Bari",4203,"Qandala",5004203,2017,28,"Infant",3,"Both",27,"Probability of death",0.071,0.0370688697103014,0.12087647777624
"201","Democratic Republic of the Congo_Djugu","Democratic Republic of the Congo",47,"Ituri",6047,"Djugu",5006047,2017,28,"Infant",3,"Both",27,"Probability of death",0.076,0.0537765194357314,0.100948131434915
"202","Mali_San","Mali",146,"Ségou",7146,"San",5007146,2017,28,"Infant",3,"Both",27,"Probability of death",0.073,0.0554584450154818,0.0929023127387877
"203","South Sudan_Malut","South Sudan",206,"Upper Nile",7206,"Malut",5007206,2017,28,"Infant",3,"Both",27,"Probability of death",0.074,0.0524344812867778,0.10414968335689
"204","Burkina Faso_Tapoa","Burkina Faso",22,"Est",8022,"Tapoa",5008022,2017,28,"Infant",3,"Both",27,"Probability of death",0.08,0.05896292273506,0.101481149868518
"205","Mali_Sikasso","Mali",146,"Sikasso",8146,"Sikasso",5008146,2017,28,"Infant",3,"Both",27,"Probability of death",0.072,0.0565447772250538,0.0932644776693026
"206","Somalia_Xarardheere","Somalia",203,"Mudug",11203,"Xarardheere",5011203,2017,28,"Infant",3,"Both",27,"Probability of death",0.075,0.0410613674680375,0.12270583606662
"207","Central African Republic_Kouango","Central African Republic",39,"Ouaka",13039,"Kouango",5013039,2017,28,"Infant",3,"Both",27,"Probability of death",0.088,0.0603984103878849,0.126628719720294
"208","Central African Republic_Markounda","Central African Republic",39,"Ouham",15039,"Markounda",5015039,2017,28,"Infant",3,"Both",27,"Probability of death",0.082,0.0544725648279515,0.114648754489854
"209","Democratic Republic of the Congo_Lubudi","Democratic Republic of the Congo",47,"Lualaba",15047,"Lubudi",5015047,2017,28,"Infant",3,"Both",27,"Probability of death",0.075,0.052978270052936,0.102056730607706
"210","Somalia_Qoryooley","Somalia",203,"Shabeellaha Hoose",15203,"Qoryooley",5015203,2017,28,"Infant",3,"Both",27,"Probability of death",0.082,0.0518452426205822,0.133886678053655
"211","Nigeria_Buji","Nigeria",164,"Jigawa",18164,"Buji",5018164,2017,28,"Infant",3,"Both",27,"Probability of death",0.095,0.0754623624770481,0.115667644709494
"212","Nigeria_Ikara","Nigeria",164,"Kaduna",19164,"Ikara",5019164,2017,28,"Infant",3,"Both",27,"Probability of death",0.093,0.0756471647204106,0.114177660090743
"213","Democratic Republic of the Congo_Mobayi-Mbongo (ville)","Democratic Republic of the Congo",47,"Nord-Ubangi",20047,"Mobayi-Mbongo (ville)",5020047,2017,28,"Infant",3,"Both",27,"Probability of death",0.071,0.0512365969323925,0.100820645097121
"214","Nigeria_Bichi","Nigeria",164,"Kano",20164,"Bichi",5020164,2017,28,"Infant",3,"Both",27,"Probability of death",0.089,0.0707085918888846,0.110954132368055
"215","Democratic Republic of the Congo_Lodja (ville)","Democratic Republic of the Congo",47,"Sankuru",21047,"Lodja (ville)",5021047,2017,28,"Infant",3,"Both",27,"Probability of death",0.075,0.048618889464526,0.106966630594292
"216","Nigeria_Bindawa","Nigeria",164,"Katsina",21164,"Bindawa",5021164,2017,28,"Infant",3,"Both",27,"Probability of death",0.073,0.0581359887987315,0.0908820775582919
"217","Nigeria_Bagudo","Nigeria",164,"Kebbi",22164,"Bagudo",5022164,2017,28,"Infant",3,"Both",27,"Probability of death",0.08,0.0633558282919088,0.0973251335612673
"218","Nigeria_Keana","Nigeria",164,"Nassarawa",26164,"Keana",5026164,2017,28,"Infant",3,"Both",27,"Probability of death",0.072,0.0546693890269371,0.0911884825258967
"219","Nigeria_Goronyo","Nigeria",164,"Sokoto",34164,"Goronyo",5034164,2017,28,"Infant",3,"Both",27,"Probability of death",0.073,0.0567349751744742,0.0904960124724586
"220","Nigeria_Bungudu","Nigeria",164,"Zamfara",37164,"Bungudu",5037164,2017,28,"Infant",3,"Both",27,"Probability of death",0.101,0.0814544469804772,0.124935824365096
"221","Mali_Nioro","Mali",146,"Kayes",3146,"Nioro",6003146,2017,28,"Infant",3,"Both",27,"Probability of death",0.074,0.0572761708523742,0.0926722253023845
"222","Democratic Republic of the Congo_Niangara","Democratic Republic of the Congo",47,"Haut-Uélé",5047,"Niangara",6005047,2017,28,"Infant",3,"Both",27,"Probability of death",0.072,0.0450727519933215,0.103831667559128
"223","Nigeria_Dass","Nigeria",164,"Bauchi",5164,"Dass",6005164,2017,28,"Infant",3,"Both",27,"Probability of death",0.079,0.0616825674061863,0.0969881365250854
"224","Mali_Ségou","Mali",146,"Ségou",7146,"Ségou",6007146,2017,28,"Infant",3,"Both",27,"Probability of death",0.085,0.066384467442933,0.10727710705493
"225","Mali_Yanfolila","Mali",146,"Sikasso",8146,"Yanfolila",6008146,2017,28,"Infant",3,"Both",27,"Probability of death",0.077,0.058982072716783,0.0955098291092373
"226","Somalia_Sablale","Somalia",203,"Shabeellaha Hoose",15203,"Sablale",6015203,2017,28,"Infant",3,"Both",27,"Probability of death",0.081,0.0498224268922293,0.127299637601211
"227","Nigeria_Dutse","Nigeria",164,"Jigawa",18164,"Dutse",6018164,2017,28,"Infant",3,"Both",27,"Probability of death",0.09,0.0729690661675215,0.108420043174524
"228","Nigeria_Bunkure","Nigeria",164,"Kano",20164,"Bunkure",6020164,2017,28,"Infant",3,"Both",27,"Probability of death",0.101,0.0824870971346809,0.12276478682162
"229","Nigeria_Charanchi","Nigeria",164,"Katsina",21164,"Charanchi",6021164,2017,28,"Infant",3,"Both",27,"Probability of death",0.081,0.0642000357344598,0.100000720644901
"230","Nigeria_Gudu","Nigeria",164,"Sokoto",34164,"Gudu",6034164,2017,28,"Infant",3,"Both",27,"Probability of death",0.075,0.0578391878023385,0.0919259183839175
"231","Nigeria_Ibi","Nigeria",164,"Taraba",35164,"Ibi",6035164,2017,28,"Infant",3,"Both",27,"Probability of death",0.072,0.0559028200208673,0.0900496367331887
"232","Nigeria_Gummi","Nigeria",164,"Zamfara",37164,"Gummi",6037164,2017,28,"Infant",3,"Both",27,"Probability of death",0.087,0.071420853935346,0.105686859102299
"233","Mali_Yélimané","Mali",146,"Kayes",3146,"Yélimané",7003146,2017,28,"Infant",3,"Both",27,"Probability of death",0.071,0.0566809584526656,0.0899431254611041
"234","Mali_Nara","Mali",146,"Koulikoro",5146,"Nara",7005146,2017,28,"Infant",3,"Both",27,"Probability of death",0.075,0.05690319354427,0.0933343979031422
"235","Nigeria_Gamawa","Nigeria",164,"Bauchi",5164,"Gamawa",7005164,2017,28,"Infant",3,"Both",27,"Probability of death",0.072,0.0532743653604236,0.0919688466106489
"236","Mali_Ténenkou","Mali",146,"Mopti",6146,"Ténenkou",7006146,2017,28,"Infant",3,"Both",27,"Probability of death",0.073,0.0553783240730416,0.0948854904048604
"237","Nigeria_Gagarawa","Nigeria",164,"Jigawa",18164,"Gagarawa",7018164,2017,28,"Infant",3,"Both",27,"Probability of death",0.089,0.0705038382243392,0.106982328458751
"238","Nigeria_Dala","Nigeria",164,"Kano",20164,"Dala",7020164,2017,28,"Infant",3,"Both",27,"Probability of death",0.076,0.0603120784762312,0.0950514876754219
"239","Nigeria_Dandume","Nigeria",164,"Katsina",21164,"Dandume",7021164,2017,28,"Infant",3,"Both",27,"Probability of death",0.078,0.062014835477894,0.0972698153998438
"240","Nigeria_Bunza","Nigeria",164,"Kebbi",22164,"Bunza",7022164,2017,28,"Infant",3,"Both",27,"Probability of death",0.076,0.0611082280342681,0.0911953649488238
"241","Nigeria_Kokona","Nigeria",164,"Nassarawa",26164,"Kokona",7026164,2017,28,"Infant",3,"Both",27,"Probability of death",0.075,0.0599184801614702,0.0925945962704679
"242","Nigeria_Kanam","Nigeria",164,"Plateau",32164,"Kanam",7032164,2017,28,"Infant",3,"Both",27,"Probability of death",0.073,0.0570082992630042,0.0926266751945732
"243","Nigeria_Gwadabaw","Nigeria",164,"Sokoto",34164,"Gwadabaw",7034164,2017,28,"Infant",3,"Both",27,"Probability of death",0.073,0.0567386069855085,0.0895097768235656
"244","Nigeria_Gusau","Nigeria",164,"Zamfara",37164,"Gusau",7037164,2017,28,"Infant",3,"Both",27,"Probability of death",0.089,0.071613853852844,0.109436786443817
"245","Democratic Republic of the Congo_Pweto","Democratic Republic of the Congo",47,"Haut-Katanga",3047,"Pweto",8003047,2017,28,"Infant",3,"Both",27,"Probability of death",0.083,0.0616049355421116,0.11216802457263
"246","Nigeria_Gamjuwa","Nigeria",164,"Bauchi",5164,"Gamjuwa",8005164,2017,28,"Infant",3,"Both",27,"Probability of death",0.081,0.0647302438670606,0.0986368379372896
"247","Democratic Republic of the Congo_Mahagi","Democratic Republic of the Congo",47,"Ituri",6047,"Mahagi",8006047,2017,28,"Infant",3,"Both",27,"Probability of death",0.078,0.0555023595350028,0.103445290358606
"248","Mali_Youwarou","Mali",146,"Mopti",6146,"Youwarou",8006146,2017,28,"Infant",3,"Both",27,"Probability of death",0.075,0.0573124643975349,0.0980320855655871
"249","Nigeria_Garki","Nigeria",164,"Jigawa",18164,"Garki",8018164,2017,28,"Infant",3,"Both",27,"Probability of death",0.101,0.079187012680061,0.122964571062262
"250","Nigeria_Dambatta","Nigeria",164,"Kano",20164,"Dambatta",8020164,2017,28,"Infant",3,"Both",27,"Probability of death",0.09,0.071249322379236,0.109499791249308
"251","Nigeria_Danja","Nigeria",164,"Katsina",21164,"Danja",8021164,2017,28,"Infant",3,"Both",27,"Probability of death",0.082,0.0654312749849143,0.101109310321221
"252","Nigeria_Dandi","Nigeria",164,"Kebbi",22164,"Dandi",8022164,2017,28,"Infant",3,"Both",27,"Probability of death",0.075,0.0581673215072689,0.0911750839013076
"253","Nigeria_Kaura-Na","Nigeria",164,"Zamfara",37164,"Kaura-Na",8037164,2017,28,"Infant",3,"Both",27,"Probability of death",0.092,0.073820566996298,0.115243280617395
"254","Nigeria_Giade","Nigeria",164,"Bauchi",5164,"Giade",9005164,2017,28,"Infant",3,"Both",27,"Probability of death",0.078,0.06069070213587,0.0961922398050725
"255","Democratic Republic of the Congo_Mahagi (ville)","Democratic Republic of the Congo",47,"Ituri",6047,"Mahagi (ville)",9006047,2017,28,"Infant",3,"Both",27,"Probability of death",0.073,0.0526071490059106,0.0954547792054848
"256","Nigeria_Gumel","Nigeria",164,"Jigawa",18164,"Gumel",9018164,2017,28,"Infant",3,"Both",27,"Probability of death",0.076,0.0596190009027515,0.0923690414748938
"257","Nigeria_DawakinK","Nigeria",164,"Kano",20164,"DawakinK",9020164,2017,28,"Infant",3,"Both",27,"Probability of death",0.1,0.0805614341657718,0.121623433506239
"258","Nigeria_Danmusa","Nigeria",164,"Katsina",21164,"Danmusa",9021164,2017,28,"Infant",3,"Both",27,"Probability of death",0.1,0.0810780620056642,0.122919837633116
"259","Nigeria_Danko Wasagu","Nigeria",164,"Kebbi",22164,"Danko Wasagu",9022164,2017,28,"Infant",3,"Both",27,"Probability of death",0.095,0.0755907576964964,0.117180793829106
"260","Democratic Republic of the Congo_Moba","Democratic Republic of the Congo",47,"Tanganyika",24047,"Moba",9024047,2017,28,"Infant",3,"Both",27,"Probability of death",0.084,0.064661765934428,0.110519565889506
"261","Nigeria_Nasarawa","Nigeria",164,"Nassarawa",26164,"Nasarawa",9026164,2017,28,"Infant",3,"Both",27,"Probability of death",0.073,0.057973939892347,0.0903510153020038
"262","Nigeria_Gurara","Nigeria",164,"Niger",27164,"Gurara",9027164,2017,28,"Infant",3,"Both",27,"Probability of death",0.071,0.0568649101033022,0.0908188696861429
"263","Nigeria_Isa","Nigeria",164,"Sokoto",34164,"Isa",9034164,2017,28,"Infant",3,"Both",27,"Probability of death",0.079,0.0625941431205822,0.0987180859668421
"264","Nigeria_Maradun","Nigeria",164,"Zamfara",37164,"Maradun",9037164,2017,28,"Infant",3,"Both",27,"Probability of death",0.09,0.0720760588829104,0.110507384207861
"265","Nigeria_Itas/Gad","Nigeria",164,"Bauchi",5164,"Itas/Gad",10005164,2017,28,"Infant",3,"Both",27,"Probability of death",0.086,0.0670766522289823,0.105764865790647
"266","Angola_Seles","Angola",3,"Cuanza Sul",7003,"Seles",10007003,2017,28,"Infant",3,"Both",27,"Probability of death",0.082,0.0638185550316658,0.105821281315701
"267","Nigeria_DawakinT","Nigeria",164,"Kano",20164,"DawakinT",10020164,2017,28,"Infant",3,"Both",27,"Probability of death",0.094,0.074909862994576,0.116424639874392
"268","Nigeria_Fakai","Nigeria",164,"Kebbi",22164,"Fakai",10022164,2017,28,"Infant",3,"Both",27,"Probability of death",0.089,0.0720983760627242,0.111606936092319
"269","Nigeria_Nassarawa Egon","Nigeria",164,"Nassarawa",26164,"Nassarawa Egon",10026164,2017,28,"Infant",3,"Both",27,"Probability of death",0.075,0.0601463836317093,0.0929641681166339
"270","Nigeria_Katcha","Nigeria",164,"Niger",27164,"Katcha",10027164,2017,28,"Infant",3,"Both",27,"Probability of death",0.075,0.0594672519929236,0.0961038755846802
"271","Nigeria_Kebbe","Nigeria",164,"Sokoto",34164,"Kebbe",10034164,2017,28,"Infant",3,"Both",27,"Probability of death",0.087,0.070316527399518,0.105483262779767
"272","Nigeria_Maru","Nigeria",164,"Zamfara",37164,"Maru",10037164,2017,28,"Infant",3,"Both",27,"Probability of death",0.101,0.0802366089285544,0.123872286930774
"273","Nigeria_Jama'are","Nigeria",164,"Bauchi",5164,"Jama'are",11005164,2017,28,"Infant",3,"Both",27,"Probability of death",0.084,0.066225090744186,0.103058527276116
"274","Democratic Republic of the Congo_Mongwalu","Democratic Republic of the Congo",47,"Ituri",6047,"Mongwalu",11006047,2017,28,"Infant",3,"Both",27,"Probability of death",0.072,0.0508570284161317,0.0957564367283441
"275","Nigeria_Yamaltu","Nigeria",164,"Gombe",16164,"Yamaltu",11016164,2017,28,"Infant",3,"Both",27,"Probability of death",0.071,0.0549314633632607,0.0870173713916411
"276","Nigeria_Gwaram","Nigeria",164,"Jigawa",18164,"Gwaram",11018164,2017,28,"Infant",3,"Both",27,"Probability of death",0.084,0.0659124492851914,0.104004067905422
"277","Nigeria_Doguwa","Nigeria",164,"Kano",20164,"Doguwa",11020164,2017,28,"Infant",3,"Both",27,"Probability of death",0.083,0.0688828366316718,0.101756606036807
"278","Nigeria_Dutsi","Nigeria",164,"Katsina",21164,"Dutsi",11021164,2017,28,"Infant",3,"Both",27,"Probability of death",0.071,0.0567866351525667,0.0859483310130202
"279","Nigeria_Gwandu","Nigeria",164,"Kebbi",22164,"Gwandu",11022164,2017,28,"Infant",3,"Both",27,"Probability of death",0.076,0.0605985807709572,0.0924936897676914
"280","Nigeria_Obi","Nigeria",164,"Nassarawa",26164,"Obi",11026164,2017,28,"Infant",3,"Both",27,"Probability of death",0.072,0.0560309313115931,0.0894193504625868
"281","Nigeria_Kware","Nigeria",164,"Sokoto",34164,"Kware",11034164,2017,28,"Infant",3,"Both",27,"Probability of death",0.074,0.0574959438865069,0.0912234307014428
"282","Nigeria_Shinkafi","Nigeria",164,"Zamfara",37164,"Shinkafi",11037164,2017,28,"Infant",3,"Both",27,"Probability of death",0.083,0.0653236910065453,0.103426581777824
"283","Nigeria_Katagum","Nigeria",164,"Bauchi",5164,"Katagum",12005164,2017,28,"Infant",3,"Both",27,"Probability of death",0.075,0.0589341496306852,0.0932096598548896
"284","Nigeria_Gwiwa","Nigeria",164,"Jigawa",18164,"Gwiwa",12018164,2017,28,"Infant",3,"Both",27,"Probability of death",0.078,0.061246851517337,0.0931736184501232
"285","Nigeria_Kajuru","Nigeria",164,"Kaduna",19164,"Kajuru",12019164,2017,28,"Infant",3,"Both",27,"Probability of death",0.071,0.0579720829281334,0.0879018822917449
"286","Nigeria_Dutsin-M","Nigeria",164,"Katsina",21164,"Dutsin-M",12021164,2017,28,"Infant",3,"Both",27,"Probability of death",0.082,0.0651705483712147,0.100552531065471
"287","Nigeria_Jega","Nigeria",164,"Kebbi",22164,"Jega",12022164,2017,28,"Infant",3,"Both",27,"Probability of death",0.078,0.0627522159501738,0.0923672798917884
"288","Nigeria_Toto","Nigeria",164,"Nassarawa",26164,"Toto",12026164,2017,28,"Infant",3,"Both",27,"Probability of death",0.071,0.0564550962047485,0.0903396148408774
"289","Nigeria_Lapai","Nigeria",164,"Niger",27164,"Lapai",12027164,2017,28,"Infant",3,"Both",27,"Probability of death",0.074,0.0590251095128877,0.0948886574696724
"290","Nigeria_Rabah","Nigeria",164,"Sokoto",34164,"Rabah",12034164,2017,28,"Infant",3,"Both",27,"Probability of death",0.083,0.0660257155227001,0.102326115726491
"291","Nigeria_Talata-Mafara","Nigeria",164,"Zamfara",37164,"Talata-Mafara",12037164,2017,28,"Infant",3,"Both",27,"Probability of death",0.097,0.0786686331789525,0.118880334619061
"292","Nigeria_Kirfi","Nigeria",164,"Bauchi",5164,"Kirfi",13005164,2017,28,"Infant",3,"Both",27,"Probability of death",0.074,0.0591924384182785,0.0908677673300582
"293","Nigeria_Gabasawa","Nigeria",164,"Kano",20164,"Gabasawa",13020164,2017,28,"Infant",3,"Both",27,"Probability of death",0.103,0.0815614588092308,0.125697044794649
"294","Nigeria_Faskari","Nigeria",164,"Katsina",21164,"Faskari",13021164,2017,28,"Infant",3,"Both",27,"Probability of death",0.089,0.0716815228951327,0.110394225559682
"295","Nigeria_Kalgo","Nigeria",164,"Kebbi",22164,"Kalgo",13022164,2017,28,"Infant",3,"Both",27,"Probability of death",0.075,0.0603815701887521,0.0908862081044158
"296","Nigeria_Wamba","Nigeria",164,"Nassarawa",26164,"Wamba",13026164,2017,28,"Infant",3,"Both",27,"Probability of death",0.078,0.0625532251051984,0.0968686931062027
"297","Nigeria_Sabon Birni","Nigeria",164,"Sokoto",34164,"Sabon Birni",13034164,2017,28,"Infant",3,"Both",27,"Probability of death",0.074,0.0571466843046639,0.0916209970919316
"298","Nigeria_Tsafe","Nigeria",164,"Zamfara",37164,"Tsafe",13037164,2017,28,"Infant",3,"Both",27,"Probability of death",0.097,0.0779906168165639,0.1186054304314
"299","Nigeria_Jahun","Nigeria",164,"Jigawa",18164,"Jahun",14018164,2017,28,"Infant",3,"Both",27,"Probability of death",0.097,0.0760469525955481,0.117189788518152
"300","Nigeria_Kauru","Nigeria",164,"Kaduna",19164,"Kauru",14019164,2017,28,"Infant",3,"Both",27,"Probability of death",0.075,0.0604751071060882,0.0927214937483125
"301","Nigeria_Garko","Nigeria",164,"Kano",20164,"Garko",14020164,2017,28,"Infant",3,"Both",27,"Probability of death",0.1,0.0819992567361912,0.121029338655787
"302","Nigeria_Koko/Bes","Nigeria",164,"Kebbi",22164,"Koko/Bes",14022164,2017,28,"Infant",3,"Both",27,"Probability of death",0.085,0.0686058837297448,0.104077729686944
"303","Nigeria_Magama","Nigeria",164,"Niger",27164,"Magama",14027164,2017,28,"Infant",3,"Both",27,"Probability of death",0.076,0.0591466779769288,0.0941402499521147
"304","Nigeria_Qua'anpa","Nigeria",164,"Plateau",32164,"Qua'anpa",14032164,2017,28,"Infant",3,"Both",27,"Probability of death",0.072,0.0564308160822304,0.0874047651754445
"305","Nigeria_Shagari","Nigeria",164,"Sokoto",34164,"Shagari",14034164,2017,28,"Infant",3,"Both",27,"Probability of death",0.084,0.0670064101165358,0.102075513341469
"306","Nigeria_Zurmi","Nigeria",164,"Zamfara",37164,"Zurmi",14037164,2017,28,"Infant",3,"Both",27,"Probability of death",0.089,0.0708220652575155,0.109918020447754
"307","Nigeria_Ningi","Nigeria",164,"Bauchi",5164,"Ningi",15005164,2017,28,"Infant",3,"Both",27,"Probability of death",0.091,0.0732782942639682,0.111357110032991
"308","Nigeria_KafinHau","Nigeria",164,"Jigawa",18164,"KafinHau",15018164,2017,28,"Infant",3,"Both",27,"Probability of death",0.087,0.0668530794231233,0.105742311683994
"309","Nigeria_Kubau","Nigeria",164,"Kaduna",19164,"Kubau",15019164,2017,28,"Infant",3,"Both",27,"Probability of death",0.086,0.07106564618814,0.106434090972514
"310","Nigeria_Garum Mallam","Nigeria",164,"Kano",20164,"Garum Mallam",15020164,2017,28,"Infant",3,"Both",27,"Probability of death",0.102,0.0820218259611827,0.126323669292845
"311","Nigeria_Ingawa","Nigeria",164,"Katsina",21164,"Ingawa",15021164,2017,28,"Infant",3,"Both",27,"Probability of death",0.08,0.0635443129897112,0.0986334775091067
"312","Nigeria_Maiyama","Nigeria",164,"Kebbi",22164,"Maiyama",15022164,2017,28,"Infant",3,"Both",27,"Probability of death",0.083,0.0663620468249144,0.0998741919868868
"313","Nigeria_Mariga","Nigeria",164,"Niger",27164,"Mariga",15027164,2017,28,"Infant",3,"Both",27,"Probability of death",0.078,0.0605532019282919,0.0994762215301827
"314","Nigeria_Silame","Nigeria",164,"Sokoto",34164,"Silame",15034164,2017,28,"Infant",3,"Both",27,"Probability of death",0.078,0.0607720009139599,0.0953343209316138
"315","Nigeria_Shira","Nigeria",164,"Bauchi",5164,"Shira",16005164,2017,28,"Infant",3,"Both",27,"Probability of death",0.081,0.0635595389249417,0.0997128298332546
"316","Nigeria_Kaugama","Nigeria",164,"Jigawa",18164,"Kaugama",16018164,2017,28,"Infant",3,"Both",27,"Probability of death",0.082,0.0651939612959854,0.0999490222070206
"317","Nigeria_Kudan","Nigeria",164,"Kaduna",19164,"Kudan",16019164,2017,28,"Infant",3,"Both",27,"Probability of death",0.08,0.06342844875714,0.097547223968554
"318","Nigeria_Gaya","Nigeria",164,"Kano",20164,"Gaya",16020164,2017,28,"Infant",3,"Both",27,"Probability of death",0.1,0.0835294481419277,0.119642740474744
"319","Nigeria_Ngaski","Nigeria",164,"Kebbi",22164,"Ngaski",16022164,2017,28,"Infant",3,"Both",27,"Probability of death",0.08,0.0629476010904569,0.100518562761249
"320","Nigeria_Mashegu","Nigeria",164,"Niger",27164,"Mashegu",16027164,2017,28,"Infant",3,"Both",27,"Probability of death",0.075,0.0586696385749259,0.0965929256569623
"321","Nigeria_Tafawa-B","Nigeria",164,"Bauchi",5164,"Tafawa-B",17005164,2017,28,"Infant",3,"Both",27,"Probability of death",0.079,0.0619552446884102,0.0983903221506365
"322","Nigeria_Kazaure","Nigeria",164,"Jigawa",18164,"Kazaure",17018164,2017,28,"Infant",3,"Both",27,"Probability of death",0.077,0.0605570084271208,0.0935650351185321
"323","Nigeria_Lere","Nigeria",164,"Kaduna",19164,"Lere",17019164,2017,28,"Infant",3,"Both",27,"Probability of death",0.071,0.0563072569871776,0.0874925835819902
"324","Nigeria_Gezawa","Nigeria",164,"Kano",20164,"Gezawa",17020164,2017,28,"Infant",3,"Both",27,"Probability of death",0.094,0.0733806055870727,0.116623211396409
"325","Nigeria_Kafur","Nigeria",164,"Katsina",21164,"Kafur",17021164,2017,28,"Infant",3,"Both",27,"Probability of death",0.09,0.0731665786682217,0.110173809819773
"326","Nigeria_Sakaba","Nigeria",164,"Kebbi",22164,"Sakaba",17022164,2017,28,"Infant",3,"Both",27,"Probability of death",0.086,0.0677741647628299,0.108108689100123
"327","Nigeria_Wase","Nigeria",164,"Plateau",32164,"Wase",17032164,2017,28,"Infant",3,"Both",27,"Probability of death",0.071,0.0544546058879801,0.0892311531278746
"328","Nigeria_Toro","Nigeria",164,"Bauchi",5164,"Toro",18005164,2017,28,"Infant",3,"Both",27,"Probability of death",0.08,0.0658976216485408,0.0977310035246791
"329","Nigeria_Makarfi","Nigeria",164,"Kaduna",19164,"Makarfi",18019164,2017,28,"Infant",3,"Both",27,"Probability of death",0.086,0.0696899846634068,0.10521177097193
"330","Nigeria_Gwale","Nigeria",164,"Kano",20164,"Gwale",18020164,2017,28,"Infant",3,"Both",27,"Probability of death",0.071,0.0561906630582413,0.0884194830477427
"331","Nigeria_Shanga","Nigeria",164,"Kebbi",22164,"Shanga",18022164,2017,28,"Infant",3,"Both",27,"Probability of death",0.087,0.0707007885740099,0.107932545346187
"332","Nigeria_Muya","Nigeria",164,"Niger",27164,"Muya",18027164,2017,28,"Infant",3,"Both",27,"Probability of death",0.072,0.0573708176688039,0.0887496333210602
"333","Nigeria_Tambawal","Nigeria",164,"Sokoto",34164,"Tambawal",18034164,2017,28,"Infant",3,"Both",27,"Probability of death",0.082,0.0665906329353238,0.099198203566238
"334","Nigeria_Warji","Nigeria",164,"Bauchi",5164,"Warji",19005164,2017,28,"Infant",3,"Both",27,"Probability of death",0.088,0.0700857833298987,0.108928905222277
"335","Nigeria_Kiyawa","Nigeria",164,"Jigawa",18164,"Kiyawa",19018164,2017,28,"Infant",3,"Both",27,"Probability of death",0.096,0.0779046924474688,0.115837604545806
"336","Nigeria_Gwarzo","Nigeria",164,"Kano",20164,"Gwarzo",19020164,2017,28,"Infant",3,"Both",27,"Probability of death",0.093,0.074489788466869,0.113676192759118
"337","Nigeria_Kankara","Nigeria",164,"Katsina",21164,"Kankara",19021164,2017,28,"Infant",3,"Both",27,"Probability of death",0.095,0.0765421848615195,0.116047377093286
"338","Nigeria_Suru","Nigeria",164,"Kebbi",22164,"Suru",19022164,2017,28,"Infant",3,"Both",27,"Probability of death",0.082,0.0652818794920076,0.0988158356777991
"339","Nigeria_Paikoro","Nigeria",164,"Niger",27164,"Paikoro",19027164,2017,28,"Infant",3,"Both",27,"Probability of death",0.077,0.059688480166636,0.0980677064295507
"340","Nigeria_Tangazar","Nigeria",164,"Sokoto",34164,"Tangazar",19034164,2017,28,"Infant",3,"Both",27,"Probability of death",0.075,0.057128710875641,0.0936613425226502
"341","Nigeria_Zaki","Nigeria",164,"Bauchi",5164,"Zaki",20005164,2017,28,"Infant",3,"Both",27,"Probability of death",0.075,0.0558946814190123,0.0958958108888143
"342","Nigeria_Maigatari","Nigeria",164,"Jigawa",18164,"Maigatari",20018164,2017,28,"Infant",3,"Both",27,"Probability of death",0.076,0.0590655825070858,0.0948344106424725
"343","Nigeria_Sanga","Nigeria",164,"Kaduna",19164,"Sanga",20019164,2017,28,"Infant",3,"Both",27,"Probability of death",0.075,0.0605552608429019,0.0930417747534484
"344","Nigeria_Kabo","Nigeria",164,"Kano",20164,"Kabo",20020164,2017,28,"Infant",3,"Both",27,"Probability of death",0.101,0.0804488528645893,0.125340779369749
"345","Nigeria_Kankiya","Nigeria",164,"Katsina",21164,"Kankiya",20021164,2017,28,"Infant",3,"Both",27,"Probability of death",0.083,0.0664361261685177,0.101661278819833
"346","Nigeria_Yauri","Nigeria",164,"Kebbi",22164,"Yauri",20022164,2017,28,"Infant",3,"Both",27,"Probability of death",0.083,0.0665757841571722,0.101937472300909
"347","Nigeria_Rafi","Nigeria",164,"Niger",27164,"Rafi",20027164,2017,28,"Infant",3,"Both",27,"Probability of death",0.074,0.0577804487802614,0.0930377846694238
"348","Nigeria_Tureta","Nigeria",164,"Sokoto",34164,"Tureta",20034164,2017,28,"Infant",3,"Both",27,"Probability of death",0.088,0.069622120413161,0.10862739916546
"349","Nigeria_MalamMad","Nigeria",164,"Jigawa",18164,"MalamMad",21018164,2017,28,"Infant",3,"Both",27,"Probability of death",0.072,0.0561840889479219,0.0895561003108091
"350","Nigeria_Soba","Nigeria",164,"Kaduna",19164,"Soba",21019164,2017,28,"Infant",3,"Both",27,"Probability of death",0.08,0.0658679246279567,0.0986789149496656
"351","Nigeria_Kano","Nigeria",164,"Kano",20164,"Kano",21020164,2017,28,"Infant",3,"Both",27,"Probability of death",0.079,0.0628831880617593,0.0983192430010302
"352","Nigeria_Zuru","Nigeria",164,"Kebbi",22164,"Zuru",21022164,2017,28,"Infant",3,"Both",27,"Probability of death",0.086,0.0683179403658254,0.109150511744583
"353","Nigeria_Rijau","Nigeria",164,"Niger",27164,"Rijau",21027164,2017,28,"Infant",3,"Both",27,"Probability of death",0.082,0.0651662732280357,0.102634071402095
"354","Nigeria_Miga","Nigeria",164,"Jigawa",18164,"Miga",22018164,2017,28,"Infant",3,"Both",27,"Probability of death",0.09,0.0717318928447717,0.108815127154553
"355","Nigeria_Karaye","Nigeria",164,"Kano",20164,"Karaye",22020164,2017,28,"Infant",3,"Both",27,"Probability of death",0.095,0.0758742240937524,0.119145092677926
"356","Nigeria_Kurfi","Nigeria",164,"Katsina",21164,"Kurfi",22021164,2017,28,"Infant",3,"Both",27,"Probability of death",0.079,0.0625239851307774,0.0968026229268393
"357","Nigeria_Shiroro","Nigeria",164,"Niger",27164,"Shiroro",22027164,2017,28,"Infant",3,"Both",27,"Probability of death",0.074,0.0584778188783301,0.0926053210270235
"358","Nigeria_Wurno","Nigeria",164,"Sokoto",34164,"Wurno",22034164,2017,28,"Infant",3,"Both",27,"Probability of death",0.074,0.0576152403621082,0.0912534908678255
"359","Nigeria_Ringim","Nigeria",164,"Jigawa",18164,"Ringim",23018164,2017,28,"Infant",3,"Both",27,"Probability of death",0.1,0.0778318678076456,0.123071889975399
"360","Nigeria_Kibiya","Nigeria",164,"Kano",20164,"Kibiya",23020164,2017,28,"Infant",3,"Both",27,"Probability of death",0.102,0.0836886782804693,0.123928364093514
"361","Nigeria_Kusada","Nigeria",164,"Katsina",21164,"Kusada",23021164,2017,28,"Infant",3,"Both",27,"Probability of death",0.085,0.0679614779435141,0.105130887813621
"362","Nigeria_Yabo","Nigeria",164,"Sokoto",34164,"Yabo",23034164,2017,28,"Infant",3,"Both",27,"Probability of death",0.081,0.0642255624270147,0.0997937874524096
"363","Nigeria_Roni","Nigeria",164,"Jigawa",18164,"Roni",24018164,2017,28,"Infant",3,"Both",27,"Probability of death",0.085,0.0678884966496268,0.102810610492664
"364","Nigeria_Kiru","Nigeria",164,"Kano",20164,"Kiru",24020164,2017,28,"Infant",3,"Both",27,"Probability of death",0.1,0.0798469686437001,0.123383363754656
"365","Nigeria_Sule-Tan","Nigeria",164,"Jigawa",18164,"Sule-Tan",25018164,2017,28,"Infant",3,"Both",27,"Probability of death",0.086,0.0672662152978962,0.104784370225372
"366","Nigeria_Kumbotso","Nigeria",164,"Kano",20164,"Kumbotso",25020164,2017,28,"Infant",3,"Both",27,"Probability of death",0.082,0.0654309718612934,0.101605044962634
"367","Nigeria_Malumfashi","Nigeria",164,"Katsina",21164,"Malumfashi",25021164,2017,28,"Infant",3,"Both",27,"Probability of death",0.086,0.0704927542408097,0.105033187586751
"368","Nigeria_Wushishi","Nigeria",164,"Niger",27164,"Wushishi",25027164,2017,28,"Infant",3,"Both",27,"Probability of death",0.08,0.0625832729135913,0.101217913583721
"369","Nigeria_Taura","Nigeria",164,"Jigawa",18164,"Taura",26018164,2017,28,"Infant",3,"Both",27,"Probability of death",0.098,0.0767363037723286,0.119698634190883
"370","Nigeria_Kunchi","Nigeria",164,"Kano",20164,"Kunchi",26020164,2017,28,"Infant",3,"Both",27,"Probability of death",0.089,0.0707647173309602,0.109543039712973
"371","Nigeria_Yankwashi","Nigeria",164,"Jigawa",18164,"Yankwashi",27018164,2017,28,"Infant",3,"Both",27,"Probability of death",0.081,0.0637868014354351,0.0971366222094243
"372","Nigeria_Kura","Nigeria",164,"Kano",20164,"Kura",27020164,2017,28,"Infant",3,"Both",27,"Probability of death",0.095,0.0769193522250487,0.117021101378641
"373","Nigeria_Madobi","Nigeria",164,"Kano",20164,"Madobi",28020164,2017,28,"Infant",3,"Both",27,"Probability of death",0.101,0.0807904639083651,0.125734637524964
"374","Nigeria_Matazu","Nigeria",164,"Katsina",21164,"Matazu",28021164,2017,28,"Infant",3,"Both",27,"Probability of death",0.098,0.0789966992100025,0.119307690375618
"375","Nigeria_Makoda","Nigeria",164,"Kano",20164,"Makoda",29020164,2017,28,"Infant",3,"Both",27,"Probability of death",0.093,0.0728245846720547,0.112568980431877
"376","Nigeria_Musawa","Nigeria",164,"Katsina",21164,"Musawa",29021164,2017,28,"Infant",3,"Both",27,"Probability of death",0.1,0.0816705188221731,0.122417357248432
"377","Nigeria_Minjibir","Nigeria",164,"Kano",20164,"Minjibir",30020164,2017,28,"Infant",3,"Both",27,"Probability of death",0.102,0.0799917632580114,0.125036077854543
"378","Nigeria_Sabuwa","Nigeria",164,"Katsina",21164,"Sabuwa",31021164,2017,28,"Infant",3,"Both",27,"Probability of death",0.078,0.0627636531247624,0.0976081082666919
"379","Nigeria_Rano","Nigeria",164,"Kano",20164,"Rano",32020164,2017,28,"Infant",3,"Both",27,"Probability of death",0.1,0.0813513154539176,0.122153350879779
"380","Nigeria_Safana","Nigeria",164,"Katsina",21164,"Safana",32021164,2017,28,"Infant",3,"Both",27,"Probability of death",0.092,0.0736049514966529,0.112894161299035
"381","Nigeria_RiminGad","Nigeria",164,"Kano",20164,"RiminGad",33020164,2017,28,"Infant",3,"Both",27,"Probability of death",0.103,0.0819166706640232,0.128591586720975
"382","Nigeria_Sandamu","Nigeria",164,"Katsina",21164,"Sandamu",33021164,2017,28,"Infant",3,"Both",27,"Probability of death",0.072,0.0574922987170233,0.0859150060568148
"383","Nigeria_Rogo","Nigeria",164,"Kano",20164,"Rogo",34020164,2017,28,"Infant",3,"Both",27,"Probability of death",0.091,0.0735940545747842,0.111911397188073
"384","Nigeria_Zango","Nigeria",164,"Katsina",21164,"Zango",34021164,2017,28,"Infant",3,"Both",27,"Probability of death",0.074,0.0577410588240091,0.0896336190257158
"385","Nigeria_Shanono","Nigeria",164,"Kano",20164,"Shanono",35020164,2017,28,"Infant",3,"Both",27,"Probability of death",0.099,0.07983026288828,0.120570423626866
"386","Nigeria_Sumaila","Nigeria",164,"Kano",20164,"Sumaila",36020164,2017,28,"Infant",3,"Both",27,"Probability of death",0.098,0.080929539132884,0.11806525574732
"387","Nigeria_Takai","Nigeria",164,"Kano",20164,"Takai",37020164,2017,28,"Infant",3,"Both",27,"Probability of death",0.097,0.0786507831861319,0.115780090325104
"388","Nigeria_Tofa","Nigeria",164,"Kano",20164,"Tofa",39020164,2017,28,"Infant",3,"Both",27,"Probability of death",0.1,0.0792182619208409,0.124367340020233
"389","Nigeria_Tsanyawa","Nigeria",164,"Kano",20164,"Tsanyawa",40020164,2017,28,"Infant",3,"Both",27,"Probability of death",0.09,0.0718298647717869,0.112229050867316
"390","Nigeria_Tundun Wada","Nigeria",164,"Kano",20164,"Tundun Wada",41020164,2017,28,"Infant",3,"Both",27,"Probability of death",0.098,0.0803105098880567,0.118537487089661
"391","Nigeria_Ungogo","Nigeria",164,"Kano",20164,"Ungogo",42020164,2017,28,"Infant",3,"Both",27,"Probability of death",0.074,0.0575111377456646,0.0928082349251301
"392","Nigeria_Warawa","Nigeria",164,"Kano",20164,"Warawa",43020164,2017,28,"Infant",3,"Both",27,"Probability of death",0.097,0.0781216764612666,0.118994247654732
"393","Nigeria_Wudil","Nigeria",164,"Kano",20164,"Wudil",44020164,2017,28,"Infant",3,"Both",27,"Probability of death",0.094,0.0766399557798429,0.112875400376081
